<?xml version="1.0" encoding="utf-8" ?>
<resources>

  <style name="MainTheme" parent="MainTheme.Base">
    <!-- As of Xamarin.Forms 4.6 the theme has moved into the Forms binary -->
    <!-- If you want to override anything you can do that here. -->
    <!-- Underneath are a couple of entries to get you started. -->

    <!-- Set theme colors from https://aka.ms/material-colors -->
    <!-- colorPrimary is used for the default action bar background -->
    <!--<item name="colorPrimary">#2196F3</item>-->
    <!-- colorPrimaryDark is used for the status bar -->
    <!--<item name="colorPrimaryDark">#1976D2</item>-->
    <!-- colorAccent is used as the default value for colorControlActivated
         which is used to tint widgets -->
    <!--<item name="colorAccent">#FF4081</item>-->
	  <item name="android:datePickerDialogTheme">@style/AppCompatDialogStyle</item>
  </style>
	<style name="AppCompatDialogStyle" parent="Theme.AppCompat.Light.Dialog">
		<!-- header background -->
		<item name="colorAccent">#000000</item>
		<!--header textcolor-->
		<item name="android:textColorPrimaryInverse">#ffffff</item>
		<!--body background-->
		<item name="android:windowBackground">#c3bcc4</item>
		<!--selected day-->
		<item name="android:colorControlActivated">#2d37c4</item>
		<!--days of the month-->
		<item name="android:textColorPrimary">#000000</item>
		<!--days of the week-->
		<item name="android:textColorSecondary">#bd0416</item>
		<!--cancel&ok-->
		<item name="android:textColor">#1004bd</item>
	</style>
</resources>